country_name_short,election_type,election_date,country_name,subcategory,date
AUS,parliament,1901-03-30,Australia,parliament,1901-03-30
AUS,parliament,1903-12-16,Australia,parliament,1903-12-16
AUS,parliament,1906-12-02,Australia,parliament,1906-12-02
AUS,parliament,1910-04-13,Australia,parliament,1910-04-13
AUS,parliament,1913-05-31,Australia,parliament,1913-05-31
AUS,parliament,1914-09-05,Australia,parliament,1914-09-05
AUS,parliament,1917-05-05,Australia,parliament,1917-05-05
AUS,parliament,1919-12-13,Australia,parliament,1919-12-13
AUS,parliament,1922-12-16,Australia,parliament,1922-12-16
AUS,parliament,1925-11-14,Australia,parliament,1925-11-14
AUS,parliament,1928-11-17,Australia,parliament,1928-11-17
AUS,parliament,1929-10-12,Australia,parliament,1929-10-12
AUS,parliament,1931-12-19,Australia,parliament,1931-12-19
AUS,parliament,1934-09-15,Australia,parliament,1934-09-15
AUS,parliament,1937-10-23,Australia,parliament,1937-10-23
AUS,parliament,1940-09-21,Australia,parliament,1940-09-21
AUS,parliament,1943-08-21,Australia,parliament,1943-08-21
AUS,parliament,1946-09-28,Australia,parliament,1946-09-28
AUS,parliament,1949-12-10,Australia,parliament,1949-12-10
AUS,parliament,1951-04-28,Australia,parliament,1951-04-28
AUS,parliament,1954-05-29,Australia,parliament,1954-05-29
AUS,parliament,1955-12-10,Australia,parliament,1955-12-10
AUS,parliament,1958-11-22,Australia,parliament,1958-11-22
AUS,parliament,1961-12-09,Australia,parliament,1961-12-09
AUS,parliament,1963-11-30,Australia,parliament,1963-11-30
AUS,parliament,1966-11-26,Australia,parliament,1966-11-26
AUS,parliament,1969-10-25,Australia,parliament,1969-10-25
AUS,parliament,1972-12-02,Australia,parliament,1972-12-02
AUS,parliament,1974-05-18,Australia,parliament,1974-05-18
AUS,parliament,1975-12-13,Australia,parliament,1975-12-13
AUS,parliament,1977-12-10,Australia,parliament,1977-12-10
AUS,parliament,1980-10-18,Australia,parliament,1980-10-18
AUS,parliament,1983-03-05,Australia,parliament,1983-03-05
AUS,parliament,1984-12-01,Australia,parliament,1984-12-01
AUS,parliament,1987-07-11,Australia,parliament,1987-07-11
AUS,parliament,1990-03-24,Australia,parliament,1990-03-24
AUS,parliament,1993-03-13,Australia,parliament,1993-03-13
AUS,parliament,1996-03-02,Australia,parliament,1996-03-02
AUS,parliament,1998-10-03,Australia,parliament,1998-10-03
AUS,parliament,2001-11-10,Australia,parliament,2001-11-10
AUS,parliament,2004-10-09,Australia,parliament,2004-10-09
AUS,parliament,2007-11-24,Australia,parliament,2007-11-24
AUS,parliament,2010-08-21,Australia,parliament,2010-08-21
AUS,parliament,2013-09-07,Australia,parliament,2013-09-07
AUS,parliament,2016-07-02,Australia,parliament,2016-07-02
AUS,parliament,2019-05-18,Australia,parliament,2019-05-18
AUT,ep,1995-01-01,Austria,ep,1995-01-01
AUT,ep,1996-10-13,Austria,ep,1996-10-13
AUT,ep,1999-06-13,Austria,ep,1999-06-13
AUT,ep,2004-06-13,Austria,ep,2004-06-13
AUT,ep,2009-06-07,Austria,ep,2009-06-07
AUT,ep,2014-05-25,Austria,ep,2014-05-25
AUT,ep,2019-05-26,Austria,ep,2019-05-26
AUT,parliament,1919-02-16,Austria,parliament,1919-02-16
AUT,parliament,1920-10-17,Austria,parliament,1920-10-17
AUT,parliament,1923-10-21,Austria,parliament,1923-10-21
AUT,parliament,1927-04-24,Austria,parliament,1927-04-24
AUT,parliament,1930-11-09,Austria,parliament,1930-11-09
AUT,parliament,1945-11-25,Austria,parliament,1945-11-25
AUT,parliament,1949-10-09,Austria,parliament,1949-10-09
AUT,parliament,1953-02-22,Austria,parliament,1953-02-22
AUT,parliament,1956-05-13,Austria,parliament,1956-05-13
AUT,parliament,1959-05-10,Austria,parliament,1959-05-10
AUT,parliament,1962-11-18,Austria,parliament,1962-11-18
AUT,parliament,1966-03-06,Austria,parliament,1966-03-06
AUT,parliament,1970-03-01,Austria,parliament,1970-03-01
AUT,parliament,1971-10-10,Austria,parliament,1971-10-10
AUT,parliament,1975-10-05,Austria,parliament,1975-10-05
AUT,parliament,1979-05-06,Austria,parliament,1979-05-06
AUT,parliament,1983-04-24,Austria,parliament,1983-04-24
AUT,parliament,1986-11-23,Austria,parliament,1986-11-23
AUT,parliament,1990-10-07,Austria,parliament,1990-10-07
AUT,parliament,1994-10-09,Austria,parliament,1994-10-09
AUT,parliament,1995-12-17,Austria,parliament,1995-12-17
AUT,parliament,1999-10-03,Austria,parliament,1999-10-03
AUT,parliament,2002-11-24,Austria,parliament,2002-11-24
AUT,parliament,2006-10-01,Austria,parliament,2006-10-01
AUT,parliament,2008-09-28,Austria,parliament,2008-09-28
AUT,parliament,2013-09-29,Austria,parliament,2013-09-29
AUT,parliament,2017-10-15,Austria,parliament,2017-10-15
AUT,parliament,2019-09-29,Austria,parliament,2019-09-29
BEL,ep,1979-06-10,Belgium,ep,1979-06-10
BEL,ep,1984-06-17,Belgium,ep,1984-06-17
BEL,ep,1989-06-18,Belgium,ep,1989-06-18
BEL,ep,1994-06-12,Belgium,ep,1994-06-12
BEL,ep,1999-06-13,Belgium,ep,1999-06-13
BEL,ep,2004-06-13,Belgium,ep,2004-06-13
BEL,ep,2009-06-07,Belgium,ep,2009-06-07
BEL,ep,2014-05-25,Belgium,ep,2014-05-25
BEL,ep,2019-05-26,Belgium,ep,2019-05-26
BEL,parliament,1900-05-27,Belgium,parliament,1900-05-27
BEL,parliament,1902-05-25,Belgium,parliament,1902-05-25
BEL,parliament,1904-05-29,Belgium,parliament,1904-05-29
BEL,parliament,1906-05-27,Belgium,parliament,1906-05-27
BEL,parliament,1908-05-24,Belgium,parliament,1908-05-24
BEL,parliament,1910-05-22,Belgium,parliament,1910-05-22
BEL,parliament,1912-06-02,Belgium,parliament,1912-06-02
BEL,parliament,1914-05-24,Belgium,parliament,1914-05-24
BEL,parliament,1919-11-16,Belgium,parliament,1919-11-16
BEL,parliament,1921-11-20,Belgium,parliament,1921-11-20
BEL,parliament,1925-08-05,Belgium,parliament,1925-08-05
BEL,parliament,1929-05-25,Belgium,parliament,1929-05-25
BEL,parliament,1932-11-27,Belgium,parliament,1932-11-27
BEL,parliament,1936-05-24,Belgium,parliament,1936-05-24
BEL,parliament,1939-04-02,Belgium,parliament,1939-04-02
BEL,parliament,1946-02-17,Belgium,parliament,1946-02-17
BEL,parliament,1949-06-26,Belgium,parliament,1949-06-26
BEL,parliament,1950-06-04,Belgium,parliament,1950-06-04
BEL,parliament,1954-04-11,Belgium,parliament,1954-04-11
BEL,parliament,1958-06-01,Belgium,parliament,1958-06-01
BEL,parliament,1961-03-26,Belgium,parliament,1961-03-26
BEL,parliament,1965-05-23,Belgium,parliament,1965-05-23
BEL,parliament,1968-03-31,Belgium,parliament,1968-03-31
BEL,parliament,1971-11-07,Belgium,parliament,1971-11-07
BEL,parliament,1974-03-10,Belgium,parliament,1974-03-10
BEL,parliament,1977-04-17,Belgium,parliament,1977-04-17
BEL,parliament,1978-12-17,Belgium,parliament,1978-12-17
BEL,parliament,1981-11-08,Belgium,parliament,1981-11-08
BEL,parliament,1985-10-13,Belgium,parliament,1985-10-13
BEL,parliament,1987-12-13,Belgium,parliament,1987-12-13
BEL,parliament,1991-11-24,Belgium,parliament,1991-11-24
BEL,parliament,1995-05-21,Belgium,parliament,1995-05-21
BEL,parliament,1999-06-13,Belgium,parliament,1999-06-13
BEL,parliament,2003-05-18,Belgium,parliament,2003-05-18
BEL,parliament,2007-06-10,Belgium,parliament,2007-06-10
BEL,parliament,2010-06-13,Belgium,parliament,2010-06-13
BEL,parliament,2014-05-25,Belgium,parliament,2014-05-25
BEL,parliament,2019-05-26,Belgium,parliament,2019-05-26
BGR,ep,2007-01-01,Bulgaria,ep,2007-01-01
BGR,ep,2007-05-20,Bulgaria,ep,2007-05-20
BGR,ep,2009-06-07,Bulgaria,ep,2009-06-07
BGR,ep,2014-05-25,Bulgaria,ep,2014-05-25
BGR,ep,2019-05-26,Bulgaria,ep,2019-05-26
BGR,parliament,1991-10-13,Bulgaria,parliament,1991-10-13
BGR,parliament,1994-12-18,Bulgaria,parliament,1994-12-18
BGR,parliament,1997-04-19,Bulgaria,parliament,1997-04-19
BGR,parliament,2001-06-18,Bulgaria,parliament,2001-06-18
BGR,parliament,2005-06-25,Bulgaria,parliament,2005-06-25
BGR,parliament,2009-07-05,Bulgaria,parliament,2009-07-05
BGR,parliament,2013-05-12,Bulgaria,parliament,2013-05-12
BGR,parliament,2014-10-05,Bulgaria,parliament,2014-10-05
BGR,parliament,2017-03-26,Bulgaria,parliament,2017-03-26
CAN,parliament,1900-11-07,Canada,parliament,1900-11-07
CAN,parliament,1904-11-03,Canada,parliament,1904-11-03
CAN,parliament,1908-10-26,Canada,parliament,1908-10-26
CAN,parliament,1911-09-21,Canada,parliament,1911-09-21
CAN,parliament,1917-12-17,Canada,parliament,1917-12-17
CAN,parliament,1921-12-06,Canada,parliament,1921-12-06
CAN,parliament,1925-10-29,Canada,parliament,1925-10-29
CAN,parliament,1926-09-14,Canada,parliament,1926-09-14
CAN,parliament,1930-07-28,Canada,parliament,1930-07-28
CAN,parliament,1935-10-14,Canada,parliament,1935-10-14
CAN,parliament,1940-03-26,Canada,parliament,1940-03-26
CAN,parliament,1945-06-11,Canada,parliament,1945-06-11
CAN,parliament,1949-06-27,Canada,parliament,1949-06-27
CAN,parliament,1953-08-10,Canada,parliament,1953-08-10
CAN,parliament,1957-06-10,Canada,parliament,1957-06-10
CAN,parliament,1958-03-31,Canada,parliament,1958-03-31
CAN,parliament,1962-06-18,Canada,parliament,1962-06-18
CAN,parliament,1963-04-08,Canada,parliament,1963-04-08
CAN,parliament,1965-11-08,Canada,parliament,1965-11-08
CAN,parliament,1968-06-25,Canada,parliament,1968-06-25
CAN,parliament,1972-10-30,Canada,parliament,1972-10-30
CAN,parliament,1974-07-08,Canada,parliament,1974-07-08
CAN,parliament,1979-05-22,Canada,parliament,1979-05-22
CAN,parliament,1980-02-18,Canada,parliament,1980-02-18
CAN,parliament,1984-09-04,Canada,parliament,1984-09-04
CAN,parliament,1988-11-21,Canada,parliament,1988-11-21
CAN,parliament,1993-10-25,Canada,parliament,1993-10-25
CAN,parliament,1997-06-02,Canada,parliament,1997-06-02
CAN,parliament,2000-11-27,Canada,parliament,2000-11-27
CAN,parliament,2004-06-28,Canada,parliament,2004-06-28
CAN,parliament,2006-01-23,Canada,parliament,2006-01-23
CAN,parliament,2008-10-14,Canada,parliament,2008-10-14
CAN,parliament,2011-05-02,Canada,parliament,2011-05-02
CAN,parliament,2015-10-19,Canada,parliament,2015-10-19
CAN,parliament,2019-10-21,Canada,parliament,2019-10-21
CHE,parliament,1902-10-26,Switzerland,parliament,1902-10-26
CHE,parliament,1905-10-29,Switzerland,parliament,1905-10-29
CHE,parliament,1908-10-25,Switzerland,parliament,1908-10-25
CHE,parliament,1911-10-29,Switzerland,parliament,1911-10-29
CHE,parliament,1914-10-25,Switzerland,parliament,1914-10-25
CHE,parliament,1917-10-28,Switzerland,parliament,1917-10-28
CHE,parliament,1919-10-26,Switzerland,parliament,1919-10-26
CHE,parliament,1922-10-29,Switzerland,parliament,1922-10-29
CHE,parliament,1925-10-25,Switzerland,parliament,1925-10-25
CHE,parliament,1928-10-28,Switzerland,parliament,1928-10-28
CHE,parliament,1931-10-25,Switzerland,parliament,1931-10-25
CHE,parliament,1935-10-27,Switzerland,parliament,1935-10-27
CHE,parliament,1939-10-29,Switzerland,parliament,1939-10-29
CHE,parliament,1943-10-31,Switzerland,parliament,1943-10-31
CHE,parliament,1947-10-26,Switzerland,parliament,1947-10-26
CHE,parliament,1951-10-28,Switzerland,parliament,1951-10-28
CHE,parliament,1955-10-30,Switzerland,parliament,1955-10-30
CHE,parliament,1959-10-25,Switzerland,parliament,1959-10-25
CHE,parliament,1963-10-27,Switzerland,parliament,1963-10-27
CHE,parliament,1967-10-29,Switzerland,parliament,1967-10-29
CHE,parliament,1971-10-31,Switzerland,parliament,1971-10-31
CHE,parliament,1975-10-26,Switzerland,parliament,1975-10-26
CHE,parliament,1979-10-21,Switzerland,parliament,1979-10-21
CHE,parliament,1983-10-23,Switzerland,parliament,1983-10-23
CHE,parliament,1987-10-18,Switzerland,parliament,1987-10-18
CHE,parliament,1991-10-20,Switzerland,parliament,1991-10-20
CHE,parliament,1995-10-22,Switzerland,parliament,1995-10-22
CHE,parliament,1999-10-24,Switzerland,parliament,1999-10-24
CHE,parliament,2003-10-19,Switzerland,parliament,2003-10-19
CHE,parliament,2007-10-21,Switzerland,parliament,2007-10-21
CHE,parliament,2011-10-23,Switzerland,parliament,2011-10-23
CHE,parliament,2015-10-18,Switzerland,parliament,2015-10-18
CHE,parliament,2019-10-20,Switzerland,parliament,2019-10-20
CYP,ep,2004-06-13,Cyprus,ep,2004-06-13
CYP,ep,2009-06-06,Cyprus,ep,2009-06-06
CYP,ep,2014-05-25,Cyprus,ep,2014-05-25
CYP,ep,2019-05-26,Cyprus,ep,2019-05-26
CYP,parliament,1976-09-05,Cyprus,parliament,1976-09-05
CYP,parliament,1981-05-24,Cyprus,parliament,1981-05-24
CYP,parliament,1985-12-08,Cyprus,parliament,1985-12-08
CYP,parliament,1991-05-19,Cyprus,parliament,1991-05-19
CYP,parliament,1996-05-26,Cyprus,parliament,1996-05-26
CYP,parliament,2001-05-27,Cyprus,parliament,2001-05-27
CYP,parliament,2006-05-21,Cyprus,parliament,2006-05-21
CYP,parliament,2011-05-22,Cyprus,parliament,2011-05-22
CYP,parliament,2016-05-22,Cyprus,parliament,2016-05-22
CZE,ep,2004-06-12,Czech Republic,ep,2004-06-12
CZE,ep,2009-06-07,Czech Republic,ep,2009-06-07
CZE,ep,2014-05-24,Czech Republic,ep,2014-05-24
CZE,ep,2019-05-25,Czech Republic,ep,2019-05-25
CZE,parliament,1990-06-09,Czech Republic,parliament,1990-06-09
CZE,parliament,1992-06-06,Czech Republic,parliament,1992-06-06
CZE,parliament,1996-06-01,Czech Republic,parliament,1996-06-01
CZE,parliament,1998-06-20,Czech Republic,parliament,1998-06-20
CZE,parliament,2002-06-15,Czech Republic,parliament,2002-06-15
CZE,parliament,2006-06-03,Czech Republic,parliament,2006-06-03
CZE,parliament,2010-05-29,Czech Republic,parliament,2010-05-29
CZE,parliament,2013-10-25,Czech Republic,parliament,2013-10-25
CZE,parliament,2017-10-21,Czech Republic,parliament,2017-10-21
DEU,ep,1979-06-10,Germany,ep,1979-06-10
DEU,ep,1984-06-17,Germany,ep,1984-06-17
DEU,ep,1989-06-18,Germany,ep,1989-06-18
DEU,ep,1994-06-12,Germany,ep,1994-06-12
DEU,ep,1999-06-13,Germany,ep,1999-06-13
DEU,ep,2004-06-13,Germany,ep,2004-06-13
DEU,ep,2009-06-07,Germany,ep,2009-06-07
DEU,ep,2014-05-25,Germany,ep,2014-05-25
DEU,ep,2019-05-26,Germany,ep,2019-05-26
DEU,parliament,1919-01-19,Germany,parliament,1919-01-19
DEU,parliament,1920-06-06,Germany,parliament,1920-06-06
DEU,parliament,1924-05-04,Germany,parliament,1924-05-04
DEU,parliament,1924-12-07,Germany,parliament,1924-12-07
DEU,parliament,1928-05-20,Germany,parliament,1928-05-20
DEU,parliament,1930-09-14,Germany,parliament,1930-09-14
DEU,parliament,1932-07-31,Germany,parliament,1932-07-31
DEU,parliament,1932-11-06,Germany,parliament,1932-11-06
DEU,parliament,1933-03-05,Germany,parliament,1933-03-05
DEU,parliament,1949-08-14,Germany,parliament,1949-08-14
DEU,parliament,1953-09-06,Germany,parliament,1953-09-06
DEU,parliament,1957-09-15,Germany,parliament,1957-09-15
DEU,parliament,1961-09-17,Germany,parliament,1961-09-17
DEU,parliament,1965-09-19,Germany,parliament,1965-09-19
DEU,parliament,1969-09-28,Germany,parliament,1969-09-28
DEU,parliament,1972-11-19,Germany,parliament,1972-11-19
DEU,parliament,1976-10-03,Germany,parliament,1976-10-03
DEU,parliament,1980-10-05,Germany,parliament,1980-10-05
DEU,parliament,1983-03-06,Germany,parliament,1983-03-06
DEU,parliament,1987-01-25,Germany,parliament,1987-01-25
DEU,parliament,1990-12-02,Germany,parliament,1990-12-02
DEU,parliament,1994-10-16,Germany,parliament,1994-10-16
DEU,parliament,1998-09-27,Germany,parliament,1998-09-27
DEU,parliament,2002-09-22,Germany,parliament,2002-09-22
DEU,parliament,2005-09-18,Germany,parliament,2005-09-18
DEU,parliament,2009-09-27,Germany,parliament,2009-09-27
DEU,parliament,2013-09-22,Germany,parliament,2013-09-22
DEU,parliament,2017-09-24,Germany,parliament,2017-09-24
DNK,ep,1979-06-10,Denmark,ep,1979-06-10
DNK,ep,1984-06-17,Denmark,ep,1984-06-17
DNK,ep,1989-06-18,Denmark,ep,1989-06-18
DNK,ep,1994-06-12,Denmark,ep,1994-06-12
DNK,ep,1999-06-13,Denmark,ep,1999-06-13
DNK,ep,2004-06-13,Denmark,ep,2004-06-13
DNK,ep,2009-06-07,Denmark,ep,2009-06-07
DNK,ep,2014-05-25,Denmark,ep,2014-05-25
DNK,ep,2019-05-26,Denmark,ep,2019-05-26
DNK,parliament,1901-04-03,Denmark,parliament,1901-04-03
DNK,parliament,1903-06-16,Denmark,parliament,1903-06-16
DNK,parliament,1906-05-29,Denmark,parliament,1906-05-29
DNK,parliament,1909-05-25,Denmark,parliament,1909-05-25
DNK,parliament,1910-05-20,Denmark,parliament,1910-05-20
DNK,parliament,1913-05-20,Denmark,parliament,1913-05-20
DNK,parliament,1915-05-07,Denmark,parliament,1915-05-07
DNK,parliament,1918-04-22,Denmark,parliament,1918-04-22
DNK,parliament,1920-04-26,Denmark,parliament,1920-04-26
DNK,parliament,1920-07-06,Denmark,parliament,1920-07-06
DNK,parliament,1920-09-21,Denmark,parliament,1920-09-21
DNK,parliament,1924-04-11,Denmark,parliament,1924-04-11
DNK,parliament,1926-12-02,Denmark,parliament,1926-12-02
DNK,parliament,1929-04-02,Denmark,parliament,1929-04-02
DNK,parliament,1932-11-16,Denmark,parliament,1932-11-16
DNK,parliament,1935-10-22,Denmark,parliament,1935-10-22
DNK,parliament,1939-04-03,Denmark,parliament,1939-04-03
DNK,parliament,1943-03-23,Denmark,parliament,1943-03-23
DNK,parliament,1945-10-30,Denmark,parliament,1945-10-30
DNK,parliament,1947-10-28,Denmark,parliament,1947-10-28
DNK,parliament,1950-09-05,Denmark,parliament,1950-09-05
DNK,parliament,1953-04-21,Denmark,parliament,1953-04-21
DNK,parliament,1953-09-22,Denmark,parliament,1953-09-22
DNK,parliament,1957-05-14,Denmark,parliament,1957-05-14
DNK,parliament,1960-11-15,Denmark,parliament,1960-11-15
DNK,parliament,1964-09-22,Denmark,parliament,1964-09-22
DNK,parliament,1966-11-22,Denmark,parliament,1966-11-22
DNK,parliament,1968-01-23,Denmark,parliament,1968-01-23
DNK,parliament,1971-09-21,Denmark,parliament,1971-09-21
DNK,parliament,1973-12-04,Denmark,parliament,1973-12-04
DNK,parliament,1975-01-09,Denmark,parliament,1975-01-09
DNK,parliament,1977-02-15,Denmark,parliament,1977-02-15
DNK,parliament,1979-10-23,Denmark,parliament,1979-10-23
DNK,parliament,1981-12-08,Denmark,parliament,1981-12-08
DNK,parliament,1984-01-10,Denmark,parliament,1984-01-10
DNK,parliament,1987-09-08,Denmark,parliament,1987-09-08
DNK,parliament,1988-05-10,Denmark,parliament,1988-05-10
DNK,parliament,1990-12-12,Denmark,parliament,1990-12-12
DNK,parliament,1994-09-21,Denmark,parliament,1994-09-21
DNK,parliament,1998-03-11,Denmark,parliament,1998-03-11
DNK,parliament,2001-11-20,Denmark,parliament,2001-11-20
DNK,parliament,2005-02-08,Denmark,parliament,2005-02-08
DNK,parliament,2007-11-13,Denmark,parliament,2007-11-13
DNK,parliament,2011-09-15,Denmark,parliament,2011-09-15
DNK,parliament,2015-06-18,Denmark,parliament,2015-06-18
DNK,parliament,2019-06-05,Denmark,parliament,2019-06-05
ESP,ep,1986-01-01,Spain,ep,1986-01-01
ESP,ep,1987-06-10,Spain,ep,1987-06-10
ESP,ep,1989-06-18,Spain,ep,1989-06-18
ESP,ep,1994-06-12,Spain,ep,1994-06-12
ESP,ep,1999-06-13,Spain,ep,1999-06-13
ESP,ep,2004-06-13,Spain,ep,2004-06-13
ESP,ep,2009-06-07,Spain,ep,2009-06-07
ESP,ep,2014-05-25,Spain,ep,2014-05-25
ESP,ep,2019-05-26,Spain,ep,2019-05-26
ESP,parliament,1977-06-15,Spain,parliament,1977-06-15
ESP,parliament,1979-03-01,Spain,parliament,1979-03-01
ESP,parliament,1982-10-28,Spain,parliament,1982-10-28
ESP,parliament,1986-06-22,Spain,parliament,1986-06-22
ESP,parliament,1989-10-29,Spain,parliament,1989-10-29
ESP,parliament,1993-06-06,Spain,parliament,1993-06-06
ESP,parliament,1996-03-03,Spain,parliament,1996-03-03
ESP,parliament,2000-03-12,Spain,parliament,2000-03-12
ESP,parliament,2004-03-14,Spain,parliament,2004-03-14
ESP,parliament,2008-03-09,Spain,parliament,2008-03-09
ESP,parliament,2011-11-20,Spain,parliament,2011-11-20
ESP,parliament,2015-12-20,Spain,parliament,2015-12-20
ESP,parliament,2016-06-26,Spain,parliament,2016-06-26
ESP,parliament,2019-04-28,Spain,parliament,2019-04-28
ESP,parliament,2019-11-10,Spain,parliament,2019-11-10
EST,ep,2004-06-13,Estonia,ep,2004-06-13
EST,ep,2009-06-07,Estonia,ep,2009-06-07
EST,ep,2014-05-25,Estonia,ep,2014-05-25
EST,ep,2019-05-26,Estonia,ep,2019-05-26
EST,parliament,1992-09-20,Estonia,parliament,1992-09-20
EST,parliament,1995-03-05,Estonia,parliament,1995-03-05
EST,parliament,1999-03-07,Estonia,parliament,1999-03-07
EST,parliament,2003-03-02,Estonia,parliament,2003-03-02
EST,parliament,2007-03-04,Estonia,parliament,2007-03-04
EST,parliament,2011-03-06,Estonia,parliament,2011-03-06
EST,parliament,2015-03-01,Estonia,parliament,2015-03-01
EST,parliament,2019-03-03,Estonia,parliament,2019-03-03
FIN,ep,1995-01-01,Finland,ep,1995-01-01
FIN,ep,1996-10-20,Finland,ep,1996-10-20
FIN,ep,1999-06-13,Finland,ep,1999-06-13
FIN,ep,2004-06-13,Finland,ep,2004-06-13
FIN,ep,2009-06-07,Finland,ep,2009-06-07
FIN,ep,2014-05-25,Finland,ep,2014-05-25
FIN,ep,2019-05-26,Finland,ep,2019-05-26
FIN,parliament,1917-10-02,Finland,parliament,1917-10-02
FIN,parliament,1919-03-03,Finland,parliament,1919-03-03
FIN,parliament,1922-07-03,Finland,parliament,1922-07-03
FIN,parliament,1927-07-01,Finland,parliament,1927-07-01
FIN,parliament,1929-07-01,Finland,parliament,1929-07-01
FIN,parliament,1930-10-01,Finland,parliament,1930-10-01
FIN,parliament,1933-07-01,Finland,parliament,1933-07-01
FIN,parliament,1936-07-01,Finland,parliament,1936-07-01
FIN,parliament,1939-07-01,Finland,parliament,1939-07-01
FIN,parliament,1945-03-18,Finland,parliament,1945-03-18
FIN,parliament,1948-07-02,Finland,parliament,1948-07-02
FIN,parliament,1951-07-03,Finland,parliament,1951-07-03
FIN,parliament,1954-03-08,Finland,parliament,1954-03-08
FIN,parliament,1958-07-07,Finland,parliament,1958-07-07
FIN,parliament,1962-02-05,Finland,parliament,1962-02-05
FIN,parliament,1966-03-21,Finland,parliament,1966-03-21
FIN,parliament,1970-03-16,Finland,parliament,1970-03-16
FIN,parliament,1972-01-03,Finland,parliament,1972-01-03
FIN,parliament,1975-09-22,Finland,parliament,1975-09-22
FIN,parliament,1979-03-19,Finland,parliament,1979-03-19
FIN,parliament,1983-03-21,Finland,parliament,1983-03-21
FIN,parliament,1987-03-16,Finland,parliament,1987-03-16
FIN,parliament,1991-03-17,Finland,parliament,1991-03-17
FIN,parliament,1995-03-19,Finland,parliament,1995-03-19
FIN,parliament,1999-03-21,Finland,parliament,1999-03-21
FIN,parliament,2003-03-16,Finland,parliament,2003-03-16
FIN,parliament,2007-03-18,Finland,parliament,2007-03-18
FIN,parliament,2011-04-17,Finland,parliament,2011-04-17
FIN,parliament,2015-04-19,Finland,parliament,2015-04-19
FIN,parliament,2019-04-14,Finland,parliament,2019-04-14
FRA,ep,1979-06-10,France,ep,1979-06-10
FRA,ep,1984-06-17,France,ep,1984-06-17
FRA,ep,1989-06-18,France,ep,1989-06-18
FRA,ep,1994-06-12,France,ep,1994-06-12
FRA,ep,1999-06-13,France,ep,1999-06-13
FRA,ep,2004-06-13,France,ep,2004-06-13
FRA,ep,2009-06-07,France,ep,2009-06-07
FRA,ep,2014-05-24,France,ep,2014-05-24
FRA,ep,2019-05-26,France,ep,2019-05-26
FRA,parliament,1902-05-11,France,parliament,1902-05-11
FRA,parliament,1906-05-20,France,parliament,1906-05-20
FRA,parliament,1910-05-08,France,parliament,1910-05-08
FRA,parliament,1914-05-10,France,parliament,1914-05-10
FRA,parliament,1919-10-16,France,parliament,1919-10-16
FRA,parliament,1924-05-25,France,parliament,1924-05-25
FRA,parliament,1928-04-29,France,parliament,1928-04-29
FRA,parliament,1932-05-08,France,parliament,1932-05-08
FRA,parliament,1936-05-03,France,parliament,1936-05-03
FRA,parliament,1945-10-21,France,parliament,1945-10-21
FRA,parliament,1946-06-02,France,parliament,1946-06-02
FRA,parliament,1946-11-10,France,parliament,1946-11-10
FRA,parliament,1951-06-17,France,parliament,1951-06-17
FRA,parliament,1956-01-02,France,parliament,1956-01-02
FRA,parliament,1958-11-30,France,parliament,1958-11-30
FRA,parliament,1962-11-25,France,parliament,1962-11-25
FRA,parliament,1967-03-12,France,parliament,1967-03-12
FRA,parliament,1968-06-30,France,parliament,1968-06-30
FRA,parliament,1973-03-11,France,parliament,1973-03-11
FRA,parliament,1978-03-19,France,parliament,1978-03-19
FRA,parliament,1981-06-21,France,parliament,1981-06-21
FRA,parliament,1986-03-16,France,parliament,1986-03-16
FRA,parliament,1988-06-12,France,parliament,1988-06-12
FRA,parliament,1993-03-28,France,parliament,1993-03-28
FRA,parliament,1997-06-01,France,parliament,1997-06-01
FRA,parliament,2002-06-16,France,parliament,2002-06-16
FRA,parliament,2007-06-17,France,parliament,2007-06-17
FRA,parliament,2012-06-17,France,parliament,2012-06-17
FRA,parliament,2017-06-18,France,parliament,2017-06-18
GBR,ep,1979-06-10,United Kingdom,ep,1979-06-10
GBR,ep,1984-06-17,United Kingdom,ep,1984-06-17
GBR,ep,1989-06-15,United Kingdom,ep,1989-06-15
GBR,ep,1994-06-09,United Kingdom,ep,1994-06-09
GBR,ep,1999-06-10,United Kingdom,ep,1999-06-10
GBR,ep,2004-06-10,United Kingdom,ep,2004-06-10
GBR,ep,2009-06-04,United Kingdom,ep,2009-06-04
GBR,ep,2014-05-22,United Kingdom,ep,2014-05-22
GBR,ep,2019-05-23,United Kingdom,ep,2019-05-23
GBR,parliament,1918-12-14,United Kingdom,parliament,1918-12-14
GBR,parliament,1922-11-15,United Kingdom,parliament,1922-11-15
GBR,parliament,1923-12-06,United Kingdom,parliament,1923-12-06
GBR,parliament,1924-10-29,United Kingdom,parliament,1924-10-29
GBR,parliament,1929-05-30,United Kingdom,parliament,1929-05-30
GBR,parliament,1931-10-27,United Kingdom,parliament,1931-10-27
GBR,parliament,1935-11-14,United Kingdom,parliament,1935-11-14
GBR,parliament,1945-07-05,United Kingdom,parliament,1945-07-05
GBR,parliament,1950-02-23,United Kingdom,parliament,1950-02-23
GBR,parliament,1951-10-25,United Kingdom,parliament,1951-10-25
GBR,parliament,1955-05-26,United Kingdom,parliament,1955-05-26
GBR,parliament,1959-10-08,United Kingdom,parliament,1959-10-08
GBR,parliament,1964-10-15,United Kingdom,parliament,1964-10-15
GBR,parliament,1966-03-31,United Kingdom,parliament,1966-03-31
GBR,parliament,1970-06-18,United Kingdom,parliament,1970-06-18
GBR,parliament,1974-02-28,United Kingdom,parliament,1974-02-28
GBR,parliament,1974-10-10,United Kingdom,parliament,1974-10-10
GBR,parliament,1979-05-03,United Kingdom,parliament,1979-05-03
GBR,parliament,1983-06-09,United Kingdom,parliament,1983-06-09
GBR,parliament,1987-06-11,United Kingdom,parliament,1987-06-11
GBR,parliament,1992-04-09,United Kingdom,parliament,1992-04-09
GBR,parliament,1997-05-01,United Kingdom,parliament,1997-05-01
GBR,parliament,2001-06-07,United Kingdom,parliament,2001-06-07
GBR,parliament,2005-05-05,United Kingdom,parliament,2005-05-05
GBR,parliament,2010-05-06,United Kingdom,parliament,2010-05-06
GBR,parliament,2015-05-07,United Kingdom,parliament,2015-05-07
GBR,parliament,2017-06-08,United Kingdom,parliament,2017-06-08
GBR,parliament,2019-12-12,United Kingdom,parliament,2019-12-12
GRC,ep,1981-01-01,Greece,ep,1981-01-01
GRC,ep,1981-10-18,Greece,ep,1981-10-18
GRC,ep,1984-06-17,Greece,ep,1984-06-17
GRC,ep,1989-06-18,Greece,ep,1989-06-18
GRC,ep,1994-06-12,Greece,ep,1994-06-12
GRC,ep,1999-06-13,Greece,ep,1999-06-13
GRC,ep,2004-06-13,Greece,ep,2004-06-13
GRC,ep,2009-06-07,Greece,ep,2009-06-07
GRC,ep,2014-05-25,Greece,ep,2014-05-25
GRC,ep,2019-05-26,Greece,ep,2019-05-26
GRC,parliament,1974-11-17,Greece,parliament,1974-11-17
GRC,parliament,1977-11-20,Greece,parliament,1977-11-20
GRC,parliament,1981-10-18,Greece,parliament,1981-10-18
GRC,parliament,1985-06-02,Greece,parliament,1985-06-02
GRC,parliament,1989-06-18,Greece,parliament,1989-06-18
GRC,parliament,1989-11-05,Greece,parliament,1989-11-05
GRC,parliament,1990-04-08,Greece,parliament,1990-04-08
GRC,parliament,1993-10-10,Greece,parliament,1993-10-10
GRC,parliament,1996-09-22,Greece,parliament,1996-09-22
GRC,parliament,2000-04-09,Greece,parliament,2000-04-09
GRC,parliament,2004-03-07,Greece,parliament,2004-03-07
GRC,parliament,2007-09-16,Greece,parliament,2007-09-16
GRC,parliament,2009-10-04,Greece,parliament,2009-10-04
GRC,parliament,2012-05-06,Greece,parliament,2012-05-06
GRC,parliament,2012-06-17,Greece,parliament,2012-06-17
GRC,parliament,2015-01-25,Greece,parliament,2015-01-25
GRC,parliament,2015-09-20,Greece,parliament,2015-09-20
GRC,parliament,2019-07-07,Greece,parliament,2019-07-07
HRV,ep,2013-04-14,Croatia,ep,2013-04-14
HRV,ep,2014-05-25,Croatia,ep,2014-05-25
HRV,ep,2019-05-26,Croatia,ep,2019-05-26
HRV,parliament,2000-01-03,Croatia,parliament,2000-01-03
HRV,parliament,2003-11-23,Croatia,parliament,2003-11-23
HRV,parliament,2007-11-25,Croatia,parliament,2007-11-25
HRV,parliament,2011-12-04,Croatia,parliament,2011-12-04
HRV,parliament,2015-11-08,Croatia,parliament,2015-11-08
HRV,parliament,2016-09-11,Croatia,parliament,2016-09-11
HUN,ep,2004-06-13,Hungary,ep,2004-06-13
HUN,ep,2009-06-07,Hungary,ep,2009-06-07
HUN,ep,2014-05-25,Hungary,ep,2014-05-25
HUN,ep,2019-05-26,Hungary,ep,2019-05-26
HUN,parliament,1990-04-08,Hungary,parliament,1990-04-08
HUN,parliament,1994-05-29,Hungary,parliament,1994-05-29
HUN,parliament,1998-05-24,Hungary,parliament,1998-05-24
HUN,parliament,2002-04-21,Hungary,parliament,2002-04-21
HUN,parliament,2006-04-09,Hungary,parliament,2006-04-09
HUN,parliament,2010-04-25,Hungary,parliament,2010-04-25
HUN,parliament,2014-04-06,Hungary,parliament,2014-04-06
HUN,parliament,2018-04-08,Hungary,parliament,2018-04-08
IRL,ep,1979-06-10,Ireland,ep,1979-06-10
IRL,ep,1984-06-17,Ireland,ep,1984-06-17
IRL,ep,1989-06-18,Ireland,ep,1989-06-18
IRL,ep,1994-06-12,Ireland,ep,1994-06-12
IRL,ep,1999-06-13,Ireland,ep,1999-06-13
IRL,ep,2004-06-13,Ireland,ep,2004-06-13
IRL,ep,2009-06-05,Ireland,ep,2009-06-05
IRL,ep,2014-05-23,Ireland,ep,2014-05-23
IRL,ep,2019-05-24,Ireland,ep,2019-05-24
IRL,parliament,1922-06-22,Ireland,parliament,1922-06-22
IRL,parliament,1923-08-27,Ireland,parliament,1923-08-27
IRL,parliament,1927-06-09,Ireland,parliament,1927-06-09
IRL,parliament,1927-09-15,Ireland,parliament,1927-09-15
IRL,parliament,1932-02-16,Ireland,parliament,1932-02-16
IRL,parliament,1933-01-24,Ireland,parliament,1933-01-24
IRL,parliament,1937-07-01,Ireland,parliament,1937-07-01
IRL,parliament,1938-06-17,Ireland,parliament,1938-06-17
IRL,parliament,1943-06-23,Ireland,parliament,1943-06-23
IRL,parliament,1944-05-30,Ireland,parliament,1944-05-30
IRL,parliament,1948-02-04,Ireland,parliament,1948-02-04
IRL,parliament,1951-05-30,Ireland,parliament,1951-05-30
IRL,parliament,1954-05-18,Ireland,parliament,1954-05-18
IRL,parliament,1957-03-05,Ireland,parliament,1957-03-05
IRL,parliament,1961-10-04,Ireland,parliament,1961-10-04
IRL,parliament,1965-04-07,Ireland,parliament,1965-04-07
IRL,parliament,1969-06-18,Ireland,parliament,1969-06-18
IRL,parliament,1973-02-28,Ireland,parliament,1973-02-28
IRL,parliament,1977-06-16,Ireland,parliament,1977-06-16
IRL,parliament,1981-06-11,Ireland,parliament,1981-06-11
IRL,parliament,1982-02-18,Ireland,parliament,1982-02-18
IRL,parliament,1982-11-24,Ireland,parliament,1982-11-24
IRL,parliament,1987-02-17,Ireland,parliament,1987-02-17
IRL,parliament,1989-06-15,Ireland,parliament,1989-06-15
IRL,parliament,1992-11-25,Ireland,parliament,1992-11-25
IRL,parliament,1997-06-06,Ireland,parliament,1997-06-06
IRL,parliament,2002-05-17,Ireland,parliament,2002-05-17
IRL,parliament,2007-05-24,Ireland,parliament,2007-05-24
IRL,parliament,2011-02-25,Ireland,parliament,2011-02-25
IRL,parliament,2016-02-26,Ireland,parliament,2016-02-26
IRL,parliament,2020-02-08,Ireland,parliament,2020-02-08
ISL,parliament,1919-11-15,Iceland,parliament,1919-11-15
ISL,parliament,1923-10-27,Iceland,parliament,1923-10-27
ISL,parliament,1927-07-09,Iceland,parliament,1927-07-09
ISL,parliament,1931-06-12,Iceland,parliament,1931-06-12
ISL,parliament,1933-07-16,Iceland,parliament,1933-07-16
ISL,parliament,1934-06-24,Iceland,parliament,1934-06-24
ISL,parliament,1937-06-29,Iceland,parliament,1937-06-29
ISL,parliament,1942-07-05,Iceland,parliament,1942-07-05
ISL,parliament,1942-10-19,Iceland,parliament,1942-10-19
ISL,parliament,1946-06-30,Iceland,parliament,1946-06-30
ISL,parliament,1949-10-24,Iceland,parliament,1949-10-24
ISL,parliament,1953-06-28,Iceland,parliament,1953-06-28
ISL,parliament,1956-06-24,Iceland,parliament,1956-06-24
ISL,parliament,1959-06-28,Iceland,parliament,1959-06-28
ISL,parliament,1959-10-26,Iceland,parliament,1959-10-26
ISL,parliament,1963-06-09,Iceland,parliament,1963-06-09
ISL,parliament,1967-06-11,Iceland,parliament,1967-06-11
ISL,parliament,1971-06-13,Iceland,parliament,1971-06-13
ISL,parliament,1974-06-30,Iceland,parliament,1974-06-30
ISL,parliament,1978-06-25,Iceland,parliament,1978-06-25
ISL,parliament,1979-12-03,Iceland,parliament,1979-12-03
ISL,parliament,1983-04-23,Iceland,parliament,1983-04-23
ISL,parliament,1987-04-25,Iceland,parliament,1987-04-25
ISL,parliament,1991-04-20,Iceland,parliament,1991-04-20
ISL,parliament,1995-04-08,Iceland,parliament,1995-04-08
ISL,parliament,1999-05-08,Iceland,parliament,1999-05-08
ISL,parliament,2003-05-10,Iceland,parliament,2003-05-10
ISL,parliament,2007-05-12,Iceland,parliament,2007-05-12
ISL,parliament,2009-04-25,Iceland,parliament,2009-04-25
ISL,parliament,2013-04-27,Iceland,parliament,2013-04-27
ISL,parliament,2016-10-29,Iceland,parliament,2016-10-29
ISL,parliament,2017-10-28,Iceland,parliament,2017-10-28
ISR,parliament,1949-01-25,Israel,parliament,1949-01-25
ISR,parliament,1951-07-30,Israel,parliament,1951-07-30
ISR,parliament,1955-07-26,Israel,parliament,1955-07-26
ISR,parliament,1959-11-03,Israel,parliament,1959-11-03
ISR,parliament,1961-08-15,Israel,parliament,1961-08-15
ISR,parliament,1965-11-01,Israel,parliament,1965-11-01
ISR,parliament,1969-10-28,Israel,parliament,1969-10-28
ISR,parliament,1973-12-31,Israel,parliament,1973-12-31
ISR,parliament,1977-05-17,Israel,parliament,1977-05-17
ISR,parliament,1981-06-30,Israel,parliament,1981-06-30
ISR,parliament,1984-07-23,Israel,parliament,1984-07-23
ISR,parliament,1988-11-01,Israel,parliament,1988-11-01
ISR,parliament,1992-06-23,Israel,parliament,1992-06-23
ISR,parliament,1996-05-29,Israel,parliament,1996-05-29
ISR,parliament,1999-05-17,Israel,parliament,1999-05-17
ISR,parliament,2003-01-28,Israel,parliament,2003-01-28
ISR,parliament,2006-03-28,Israel,parliament,2006-03-28
ISR,parliament,2009-02-10,Israel,parliament,2009-02-10
ISR,parliament,2013-01-22,Israel,parliament,2013-01-22
ISR,parliament,2015-03-17,Israel,parliament,2015-03-17
ISR,parliament,2019-04-09,Israel,parliament,2019-04-09
ISR,parliament,2019-09-17,Israel,parliament,2019-09-17
ISR,parliament,2020-03-02,Israel,parliament,2020-03-02
ITA,ep,1979-06-10,Italy,ep,1979-06-10
ITA,ep,1984-06-17,Italy,ep,1984-06-17
ITA,ep,1989-06-18,Italy,ep,1989-06-18
ITA,ep,1994-06-12,Italy,ep,1994-06-12
ITA,ep,1999-06-13,Italy,ep,1999-06-13
ITA,ep,2004-06-12,Italy,ep,2004-06-12
ITA,ep,2009-06-07,Italy,ep,2009-06-07
ITA,ep,2014-05-25,Italy,ep,2014-05-25
ITA,ep,2019-05-26,Italy,ep,2019-05-26
ITA,parliament,1946-06-02,Italy,parliament,1946-06-02
ITA,parliament,1948-04-18,Italy,parliament,1948-04-18
ITA,parliament,1953-06-07,Italy,parliament,1953-06-07
ITA,parliament,1958-05-25,Italy,parliament,1958-05-25
ITA,parliament,1963-04-28,Italy,parliament,1963-04-28
ITA,parliament,1968-05-19,Italy,parliament,1968-05-19
ITA,parliament,1972-05-07,Italy,parliament,1972-05-07
ITA,parliament,1976-06-20,Italy,parliament,1976-06-20
ITA,parliament,1979-06-03,Italy,parliament,1979-06-03
ITA,parliament,1983-06-26,Italy,parliament,1983-06-26
ITA,parliament,1987-06-14,Italy,parliament,1987-06-14
ITA,parliament,1992-04-05,Italy,parliament,1992-04-05
ITA,parliament,1994-03-27,Italy,parliament,1994-03-27
ITA,parliament,1996-04-21,Italy,parliament,1996-04-21
ITA,parliament,2001-05-13,Italy,parliament,2001-05-13
ITA,parliament,2006-04-09,Italy,parliament,2006-04-09
ITA,parliament,2008-04-13,Italy,parliament,2008-04-13
ITA,parliament,2013-02-25,Italy,parliament,2013-02-25
ITA,parliament,2018-03-04,Italy,parliament,2018-03-04
JPN,parliament,1946-04-10,Japan,parliament,1946-04-10
JPN,parliament,1947-04-25,Japan,parliament,1947-04-25
JPN,parliament,1949-01-23,Japan,parliament,1949-01-23
JPN,parliament,1952-10-01,Japan,parliament,1952-10-01
JPN,parliament,1953-04-19,Japan,parliament,1953-04-19
JPN,parliament,1955-02-27,Japan,parliament,1955-02-27
JPN,parliament,1958-05-22,Japan,parliament,1958-05-22
JPN,parliament,1960-11-20,Japan,parliament,1960-11-20
JPN,parliament,1963-11-21,Japan,parliament,1963-11-21
JPN,parliament,1967-01-29,Japan,parliament,1967-01-29
JPN,parliament,1969-12-27,Japan,parliament,1969-12-27
JPN,parliament,1972-12-10,Japan,parliament,1972-12-10
JPN,parliament,1976-12-05,Japan,parliament,1976-12-05
JPN,parliament,1979-10-07,Japan,parliament,1979-10-07
JPN,parliament,1980-06-22,Japan,parliament,1980-06-22
JPN,parliament,1983-12-18,Japan,parliament,1983-12-18
JPN,parliament,1986-07-06,Japan,parliament,1986-07-06
JPN,parliament,1990-02-18,Japan,parliament,1990-02-18
JPN,parliament,1993-07-18,Japan,parliament,1993-07-18
JPN,parliament,1996-10-20,Japan,parliament,1996-10-20
JPN,parliament,2000-06-25,Japan,parliament,2000-06-25
JPN,parliament,2003-11-09,Japan,parliament,2003-11-09
JPN,parliament,2005-09-11,Japan,parliament,2005-09-11
JPN,parliament,2009-08-30,Japan,parliament,2009-08-30
JPN,parliament,2012-12-16,Japan,parliament,2012-12-16
JPN,parliament,2014-12-14,Japan,parliament,2014-12-14
JPN,parliament,2017-10-22,Japan,parliament,2017-10-22
LTU,ep,2004-06-13,Lithuania,ep,2004-06-13
LTU,ep,2009-06-07,Lithuania,ep,2009-06-07
LTU,ep,2014-05-25,Lithuania,ep,2014-05-25
LTU,ep,2019-05-26,Lithuania,ep,2019-05-26
LTU,parliament,1990-03-10,Lithuania,parliament,1990-03-10
LTU,parliament,1992-11-15,Lithuania,parliament,1992-11-15
LTU,parliament,1996-10-20,Lithuania,parliament,1996-10-20
LTU,parliament,2000-10-08,Lithuania,parliament,2000-10-08
LTU,parliament,2004-10-24,Lithuania,parliament,2004-10-24
LTU,parliament,2008-10-12,Lithuania,parliament,2008-10-12
LTU,parliament,2012-10-14,Lithuania,parliament,2012-10-14
LTU,parliament,2016-10-09,Lithuania,parliament,2016-10-09
LTU,parliament,2020-10-11,Lithuania,parliament,2020-10-11
LUX,ep,1979-06-10,Luxembourg,ep,1979-06-10
LUX,ep,1984-06-17,Luxembourg,ep,1984-06-17
LUX,ep,1989-06-18,Luxembourg,ep,1989-06-18
LUX,ep,1994-06-12,Luxembourg,ep,1994-06-12
LUX,ep,1999-06-13,Luxembourg,ep,1999-06-13
LUX,ep,2004-06-13,Luxembourg,ep,2004-06-13
LUX,ep,2009-06-07,Luxembourg,ep,2009-06-07
LUX,ep,2014-05-25,Luxembourg,ep,2014-05-25
LUX,ep,2019-05-26,Luxembourg,ep,2019-05-26
LUX,parliament,1919-10-26,Luxembourg,parliament,1919-10-26
LUX,parliament,1922-05-28,Luxembourg,parliament,1922-05-28
LUX,parliament,1925-03-01,Luxembourg,parliament,1925-03-01
LUX,parliament,1928-06-03,Luxembourg,parliament,1928-06-03
LUX,parliament,1931-06-07,Luxembourg,parliament,1931-06-07
LUX,parliament,1934-06-03,Luxembourg,parliament,1934-06-03
LUX,parliament,1937-06-06,Luxembourg,parliament,1937-06-06
LUX,parliament,1945-10-21,Luxembourg,parliament,1945-10-21
LUX,parliament,1948-06-06,Luxembourg,parliament,1948-06-06
LUX,parliament,1951-06-03,Luxembourg,parliament,1951-06-03
LUX,parliament,1954-05-30,Luxembourg,parliament,1954-05-30
LUX,parliament,1959-02-01,Luxembourg,parliament,1959-02-01
LUX,parliament,1964-06-07,Luxembourg,parliament,1964-06-07
LUX,parliament,1968-12-15,Luxembourg,parliament,1968-12-15
LUX,parliament,1974-05-26,Luxembourg,parliament,1974-05-26
LUX,parliament,1979-06-10,Luxembourg,parliament,1979-06-10
LUX,parliament,1984-06-17,Luxembourg,parliament,1984-06-17
LUX,parliament,1989-06-18,Luxembourg,parliament,1989-06-18
LUX,parliament,1994-06-12,Luxembourg,parliament,1994-06-12
LUX,parliament,1999-06-13,Luxembourg,parliament,1999-06-13
LUX,parliament,2004-06-13,Luxembourg,parliament,2004-06-13
LUX,parliament,2009-06-07,Luxembourg,parliament,2009-06-07
LUX,parliament,2013-10-20,Luxembourg,parliament,2013-10-20
LUX,parliament,2018-10-14,Luxembourg,parliament,2018-10-14
LVA,ep,2004-06-13,Latvia,ep,2004-06-13
LVA,ep,2009-06-07,Latvia,ep,2009-06-07
LVA,ep,2014-05-24,Latvia,ep,2014-05-24
LVA,ep,2019-05-25,Latvia,ep,2019-05-25
LVA,parliament,1990-04-29,Latvia,parliament,1990-04-29
LVA,parliament,1993-06-06,Latvia,parliament,1993-06-06
LVA,parliament,1995-10-01,Latvia,parliament,1995-10-01
LVA,parliament,1998-10-03,Latvia,parliament,1998-10-03
LVA,parliament,2002-10-05,Latvia,parliament,2002-10-05
LVA,parliament,2006-10-07,Latvia,parliament,2006-10-07
LVA,parliament,2010-10-02,Latvia,parliament,2010-10-02
LVA,parliament,2011-09-17,Latvia,parliament,2011-09-17
LVA,parliament,2014-10-04,Latvia,parliament,2014-10-04
LVA,parliament,2018-10-06,Latvia,parliament,2018-10-06
MLT,ep,2004-06-13,Malta,ep,2004-06-13
MLT,ep,2009-06-06,Malta,ep,2009-06-06
MLT,ep,2014-05-25,Malta,ep,2014-05-25
MLT,ep,2019-05-25,Malta,ep,2019-05-25
MLT,parliament,1947-10-27,Malta,parliament,1947-10-27
MLT,parliament,1950-09-04,Malta,parliament,1950-09-04
MLT,parliament,1951-05-06,Malta,parliament,1951-05-06
MLT,parliament,1953-12-14,Malta,parliament,1953-12-14
MLT,parliament,1955-02-28,Malta,parliament,1955-02-28
MLT,parliament,1962-02-19,Malta,parliament,1962-02-19
MLT,parliament,1966-03-28,Malta,parliament,1966-03-28
MLT,parliament,1971-06-14,Malta,parliament,1971-06-14
MLT,parliament,1976-09-18,Malta,parliament,1976-09-18
MLT,parliament,1981-12-12,Malta,parliament,1981-12-12
MLT,parliament,1987-05-09,Malta,parliament,1987-05-09
MLT,parliament,1992-02-22,Malta,parliament,1992-02-22
MLT,parliament,1996-10-26,Malta,parliament,1996-10-26
MLT,parliament,1998-09-05,Malta,parliament,1998-09-05
MLT,parliament,2003-04-12,Malta,parliament,2003-04-12
MLT,parliament,2008-03-08,Malta,parliament,2008-03-08
MLT,parliament,2013-03-09,Malta,parliament,2013-03-09
MLT,parliament,2017-06-03,Malta,parliament,2017-06-03
NLD,ep,1979-06-10,Netherlands,ep,1979-06-10
NLD,ep,1984-06-17,Netherlands,ep,1984-06-17
NLD,ep,1989-06-18,Netherlands,ep,1989-06-18
NLD,ep,1994-06-12,Netherlands,ep,1994-06-12
NLD,ep,1999-06-13,Netherlands,ep,1999-06-13
NLD,ep,2004-06-13,Netherlands,ep,2004-06-13
NLD,ep,2009-06-04,Netherlands,ep,2009-06-04
NLD,ep,2014-05-25,Netherlands,ep,2014-05-25
NLD,ep,2019-05-23,Netherlands,ep,2019-05-23
NLD,parliament,1918-07-03,Netherlands,parliament,1918-07-03
NLD,parliament,1922-07-05,Netherlands,parliament,1922-07-05
NLD,parliament,1925-07-01,Netherlands,parliament,1925-07-01
NLD,parliament,1929-07-03,Netherlands,parliament,1929-07-03
NLD,parliament,1933-04-26,Netherlands,parliament,1933-04-26
NLD,parliament,1937-05-26,Netherlands,parliament,1937-05-26
NLD,parliament,1946-05-17,Netherlands,parliament,1946-05-17
NLD,parliament,1948-07-07,Netherlands,parliament,1948-07-07
NLD,parliament,1952-06-25,Netherlands,parliament,1952-06-25
NLD,parliament,1956-06-13,Netherlands,parliament,1956-06-13
NLD,parliament,1959-03-12,Netherlands,parliament,1959-03-12
NLD,parliament,1963-05-15,Netherlands,parliament,1963-05-15
NLD,parliament,1967-02-15,Netherlands,parliament,1967-02-15
NLD,parliament,1971-04-28,Netherlands,parliament,1971-04-28
NLD,parliament,1972-11-29,Netherlands,parliament,1972-11-29
NLD,parliament,1977-05-25,Netherlands,parliament,1977-05-25
NLD,parliament,1981-05-26,Netherlands,parliament,1981-05-26
NLD,parliament,1982-09-08,Netherlands,parliament,1982-09-08
NLD,parliament,1986-05-21,Netherlands,parliament,1986-05-21
NLD,parliament,1989-09-06,Netherlands,parliament,1989-09-06
NLD,parliament,1994-05-03,Netherlands,parliament,1994-05-03
NLD,parliament,1998-05-06,Netherlands,parliament,1998-05-06
NLD,parliament,2002-05-15,Netherlands,parliament,2002-05-15
NLD,parliament,2003-01-22,Netherlands,parliament,2003-01-22
NLD,parliament,2006-11-22,Netherlands,parliament,2006-11-22
NLD,parliament,2010-06-09,Netherlands,parliament,2010-06-09
NLD,parliament,2012-09-12,Netherlands,parliament,2012-09-12
NLD,parliament,2017-03-15,Netherlands,parliament,2017-03-15
NOR,parliament,1900-07-01,Norway,parliament,1900-07-01
NOR,parliament,1903-09-16,Norway,parliament,1903-09-16
NOR,parliament,1906-08-27,Norway,parliament,1906-08-27
NOR,parliament,1909-10-25,Norway,parliament,1909-10-25
NOR,parliament,1912-10-21,Norway,parliament,1912-10-21
NOR,parliament,1915-10-21,Norway,parliament,1915-10-21
NOR,parliament,1918-10-21,Norway,parliament,1918-10-21
NOR,parliament,1921-10-24,Norway,parliament,1921-10-24
NOR,parliament,1924-10-21,Norway,parliament,1924-10-21
NOR,parliament,1927-10-17,Norway,parliament,1927-10-17
NOR,parliament,1930-10-20,Norway,parliament,1930-10-20
NOR,parliament,1933-10-16,Norway,parliament,1933-10-16
NOR,parliament,1936-10-19,Norway,parliament,1936-10-19
NOR,parliament,1945-10-08,Norway,parliament,1945-10-08
NOR,parliament,1949-10-10,Norway,parliament,1949-10-10
NOR,parliament,1953-10-12,Norway,parliament,1953-10-12
NOR,parliament,1957-10-07,Norway,parliament,1957-10-07
NOR,parliament,1961-09-11,Norway,parliament,1961-09-11
NOR,parliament,1965-09-12,Norway,parliament,1965-09-12
NOR,parliament,1969-09-07,Norway,parliament,1969-09-07
NOR,parliament,1973-09-09,Norway,parliament,1973-09-09
NOR,parliament,1977-09-11,Norway,parliament,1977-09-11
NOR,parliament,1981-09-14,Norway,parliament,1981-09-14
NOR,parliament,1985-09-08,Norway,parliament,1985-09-08
NOR,parliament,1989-09-11,Norway,parliament,1989-09-11
NOR,parliament,1993-09-13,Norway,parliament,1993-09-13
NOR,parliament,1997-09-16,Norway,parliament,1997-09-16
NOR,parliament,2001-09-10,Norway,parliament,2001-09-10
NOR,parliament,2005-09-12,Norway,parliament,2005-09-12
NOR,parliament,2009-09-14,Norway,parliament,2009-09-14
NOR,parliament,2013-09-09,Norway,parliament,2013-09-09
NOR,parliament,2017-09-11,Norway,parliament,2017-09-11
NZL,parliament,1902-11-25,New Zealand,parliament,1902-11-25
NZL,parliament,1905-12-06,New Zealand,parliament,1905-12-06
NZL,parliament,1908-12-01,New Zealand,parliament,1908-12-01
NZL,parliament,1911-12-19,New Zealand,parliament,1911-12-19
NZL,parliament,1914-12-11,New Zealand,parliament,1914-12-11
NZL,parliament,1919-12-17,New Zealand,parliament,1919-12-17
NZL,parliament,1922-12-07,New Zealand,parliament,1922-12-07
NZL,parliament,1925-11-04,New Zealand,parliament,1925-11-04
NZL,parliament,1928-11-14,New Zealand,parliament,1928-11-14
NZL,parliament,1931-12-02,New Zealand,parliament,1931-12-02
NZL,parliament,1935-11-27,New Zealand,parliament,1935-11-27
NZL,parliament,1938-10-15,New Zealand,parliament,1938-10-15
NZL,parliament,1943-09-25,New Zealand,parliament,1943-09-25
NZL,parliament,1946-11-27,New Zealand,parliament,1946-11-27
NZL,parliament,1949-11-30,New Zealand,parliament,1949-11-30
NZL,parliament,1951-09-01,New Zealand,parliament,1951-09-01
NZL,parliament,1954-11-13,New Zealand,parliament,1954-11-13
NZL,parliament,1957-11-30,New Zealand,parliament,1957-11-30
NZL,parliament,1960-11-26,New Zealand,parliament,1960-11-26
NZL,parliament,1963-11-30,New Zealand,parliament,1963-11-30
NZL,parliament,1966-11-26,New Zealand,parliament,1966-11-26
NZL,parliament,1969-11-29,New Zealand,parliament,1969-11-29
NZL,parliament,1972-11-25,New Zealand,parliament,1972-11-25
NZL,parliament,1975-11-29,New Zealand,parliament,1975-11-29
NZL,parliament,1978-11-25,New Zealand,parliament,1978-11-25
NZL,parliament,1981-11-28,New Zealand,parliament,1981-11-28
NZL,parliament,1984-07-14,New Zealand,parliament,1984-07-14
NZL,parliament,1987-08-15,New Zealand,parliament,1987-08-15
NZL,parliament,1990-10-27,New Zealand,parliament,1990-10-27
NZL,parliament,1993-11-06,New Zealand,parliament,1993-11-06
NZL,parliament,1996-10-12,New Zealand,parliament,1996-10-12
NZL,parliament,1999-11-27,New Zealand,parliament,1999-11-27
NZL,parliament,2002-07-27,New Zealand,parliament,2002-07-27
NZL,parliament,2005-09-17,New Zealand,parliament,2005-09-17
NZL,parliament,2008-11-08,New Zealand,parliament,2008-11-08
NZL,parliament,2011-11-26,New Zealand,parliament,2011-11-26
NZL,parliament,2014-09-20,New Zealand,parliament,2014-09-20
NZL,parliament,2017-09-23,New Zealand,parliament,2017-09-23
NZL,parliament,2020-10-17,New Zealand,parliament,2020-10-17
POL,ep,2004-06-13,Poland,ep,2004-06-13
POL,ep,2009-06-07,Poland,ep,2009-06-07
POL,ep,2014-05-25,Poland,ep,2014-05-25
POL,ep,2019-05-26,Poland,ep,2019-05-26
POL,parliament,1989-06-18,Poland,parliament,1989-06-18
POL,parliament,1991-10-27,Poland,parliament,1991-10-27
POL,parliament,1993-09-19,Poland,parliament,1993-09-19
POL,parliament,1997-09-21,Poland,parliament,1997-09-21
POL,parliament,2001-09-23,Poland,parliament,2001-09-23
POL,parliament,2005-09-25,Poland,parliament,2005-09-25
POL,parliament,2007-10-19,Poland,parliament,2007-10-19
POL,parliament,2011-10-09,Poland,parliament,2011-10-09
POL,parliament,2015-10-25,Poland,parliament,2015-10-25
POL,parliament,2019-10-13,Poland,parliament,2019-10-13
PRT,ep,1986-01-01,Portugal,ep,1986-01-01
PRT,ep,1987-07-19,Portugal,ep,1987-07-19
PRT,ep,1989-06-18,Portugal,ep,1989-06-18
PRT,ep,1994-06-12,Portugal,ep,1994-06-12
PRT,ep,1999-06-13,Portugal,ep,1999-06-13
PRT,ep,2004-06-13,Portugal,ep,2004-06-13
PRT,ep,2009-06-07,Portugal,ep,2009-06-07
PRT,ep,2014-05-25,Portugal,ep,2014-05-25
PRT,ep,2019-05-26,Portugal,ep,2019-05-26
PRT,parliament,1975-04-25,Portugal,parliament,1975-04-25
PRT,parliament,1976-04-25,Portugal,parliament,1976-04-25
PRT,parliament,1979-12-02,Portugal,parliament,1979-12-02
PRT,parliament,1980-10-05,Portugal,parliament,1980-10-05
PRT,parliament,1983-04-25,Portugal,parliament,1983-04-25
PRT,parliament,1985-10-06,Portugal,parliament,1985-10-06
PRT,parliament,1987-07-19,Portugal,parliament,1987-07-19
PRT,parliament,1991-10-06,Portugal,parliament,1991-10-06
PRT,parliament,1995-10-01,Portugal,parliament,1995-10-01
PRT,parliament,1999-10-10,Portugal,parliament,1999-10-10
PRT,parliament,2002-03-17,Portugal,parliament,2002-03-17
PRT,parliament,2005-02-20,Portugal,parliament,2005-02-20
PRT,parliament,2009-09-27,Portugal,parliament,2009-09-27
PRT,parliament,2011-06-05,Portugal,parliament,2011-06-05
PRT,parliament,2015-10-04,Portugal,parliament,2015-10-04
PRT,parliament,2019-10-06,Portugal,parliament,2019-10-06
ROU,ep,2007-01-01,Romania,ep,2007-01-01
ROU,ep,2007-11-25,Romania,ep,2007-11-25
ROU,ep,2009-06-07,Romania,ep,2009-06-07
ROU,ep,2014-05-25,Romania,ep,2014-05-25
ROU,ep,2019-05-26,Romania,ep,2019-05-26
ROU,parliament,1990-05-20,Romania,parliament,1990-05-20
ROU,parliament,1992-09-27,Romania,parliament,1992-09-27
ROU,parliament,1996-11-03,Romania,parliament,1996-11-03
ROU,parliament,2000-11-26,Romania,parliament,2000-11-26
ROU,parliament,2004-11-28,Romania,parliament,2004-11-28
ROU,parliament,2008-11-30,Romania,parliament,2008-11-30
ROU,parliament,2012-12-09,Romania,parliament,2012-12-09
ROU,parliament,2016-12-11,Romania,parliament,2016-12-11
ROU,parliament,2020-12-06,Romania,parliament,2020-12-06
SVK,ep,2004-06-13,Slovakia,ep,2004-06-13
SVK,ep,2009-06-07,Slovakia,ep,2009-06-07
SVK,ep,2014-05-25,Slovakia,ep,2014-05-25
SVK,ep,2019-05-25,Slovakia,ep,2019-05-25
SVK,parliament,1990-06-09,Slovakia,parliament,1990-06-09
SVK,parliament,1992-06-06,Slovakia,parliament,1992-06-06
SVK,parliament,1994-10-01,Slovakia,parliament,1994-10-01
SVK,parliament,1998-09-26,Slovakia,parliament,1998-09-26
SVK,parliament,2002-09-21,Slovakia,parliament,2002-09-21
SVK,parliament,2006-06-17,Slovakia,parliament,2006-06-17
SVK,parliament,2010-06-12,Slovakia,parliament,2010-06-12
SVK,parliament,2012-03-10,Slovakia,parliament,2012-03-10
SVK,parliament,2016-03-06,Slovakia,parliament,2016-03-06
SVK,parliament,2020-02-29,Slovakia,parliament,2020-02-29
SVN,ep,2004-06-13,Slovenia,ep,2004-06-13
SVN,ep,2009-06-07,Slovenia,ep,2009-06-07
SVN,ep,2014-05-25,Slovenia,ep,2014-05-25
SVN,ep,2019-05-26,Slovenia,ep,2019-05-26
SVN,parliament,1990-04-12,Slovenia,parliament,1990-04-12
SVN,parliament,1992-12-06,Slovenia,parliament,1992-12-06
SVN,parliament,1996-11-10,Slovenia,parliament,1996-11-10
SVN,parliament,2000-10-15,Slovenia,parliament,2000-10-15
SVN,parliament,2004-10-03,Slovenia,parliament,2004-10-03
SVN,parliament,2008-09-21,Slovenia,parliament,2008-09-21
SVN,parliament,2011-12-04,Slovenia,parliament,2011-12-04
SVN,parliament,2014-07-13,Slovenia,parliament,2014-07-13
SVN,parliament,2018-06-03,Slovenia,parliament,2018-06-03
SWE,ep,1995-01-01,Sweden,ep,1995-01-01
SWE,ep,1995-09-17,Sweden,ep,1995-09-17
SWE,ep,1999-06-13,Sweden,ep,1999-06-13
SWE,ep,2004-06-13,Sweden,ep,2004-06-13
SWE,ep,2009-06-07,Sweden,ep,2009-06-07
SWE,ep,2014-05-25,Sweden,ep,2014-05-25
SWE,ep,2019-05-26,Sweden,ep,2019-05-26
SWE,parliament,1911-09-24,Sweden,parliament,1911-09-24
SWE,parliament,1914-04-07,Sweden,parliament,1914-04-07
SWE,parliament,1914-09-13,Sweden,parliament,1914-09-13
SWE,parliament,1917-09-16,Sweden,parliament,1917-09-16
SWE,parliament,1920-09-17,Sweden,parliament,1920-09-17
SWE,parliament,1921-09-26,Sweden,parliament,1921-09-26
SWE,parliament,1924-09-21,Sweden,parliament,1924-09-21
SWE,parliament,1928-09-21,Sweden,parliament,1928-09-21
SWE,parliament,1932-09-18,Sweden,parliament,1932-09-18
SWE,parliament,1936-09-20,Sweden,parliament,1936-09-20
SWE,parliament,1940-09-15,Sweden,parliament,1940-09-15
SWE,parliament,1944-09-17,Sweden,parliament,1944-09-17
SWE,parliament,1948-09-19,Sweden,parliament,1948-09-19
SWE,parliament,1952-09-21,Sweden,parliament,1952-09-21
SWE,parliament,1956-09-16,Sweden,parliament,1956-09-16
SWE,parliament,1958-06-01,Sweden,parliament,1958-06-01
SWE,parliament,1960-09-18,Sweden,parliament,1960-09-18
SWE,parliament,1964-09-20,Sweden,parliament,1964-09-20
SWE,parliament,1968-09-15,Sweden,parliament,1968-09-15
SWE,parliament,1970-09-20,Sweden,parliament,1970-09-20
SWE,parliament,1973-09-16,Sweden,parliament,1973-09-16
SWE,parliament,1976-09-19,Sweden,parliament,1976-09-19
SWE,parliament,1979-09-16,Sweden,parliament,1979-09-16
SWE,parliament,1982-09-19,Sweden,parliament,1982-09-19
SWE,parliament,1985-09-15,Sweden,parliament,1985-09-15
SWE,parliament,1988-09-18,Sweden,parliament,1988-09-18
SWE,parliament,1991-09-15,Sweden,parliament,1991-09-15
SWE,parliament,1994-09-18,Sweden,parliament,1994-09-18
SWE,parliament,1998-09-20,Sweden,parliament,1998-09-20
SWE,parliament,2002-09-15,Sweden,parliament,2002-09-15
SWE,parliament,2006-09-17,Sweden,parliament,2006-09-17
SWE,parliament,2010-09-19,Sweden,parliament,2010-09-19
SWE,parliament,2014-09-14,Sweden,parliament,2014-09-14
SWE,parliament,2018-09-09,Sweden,parliament,2018-09-09
TUR,parliament,1983-11-06,Turkey,parliament,1983-11-06
TUR,parliament,1987-10-29,Turkey,parliament,1987-10-29
TUR,parliament,1991-10-20,Turkey,parliament,1991-10-20
TUR,parliament,1995-12-24,Turkey,parliament,1995-12-24
TUR,parliament,1999-04-18,Turkey,parliament,1999-04-18
TUR,parliament,2002-11-03,Turkey,parliament,2002-11-03
TUR,parliament,2007-07-22,Turkey,parliament,2007-07-22
TUR,parliament,2011-06-12,Turkey,parliament,2011-06-12
TUR,parliament,2015-06-07,Turkey,parliament,2015-06-07
TUR,parliament,2015-11-01,Turkey,parliament,2015-11-01
TUR,parliament,2018-06-24,Turkey,parliament,2018-06-24
